"ID";"CulturalCenterName";"AdmArea";"District";"Address";"NumberOfAccessPoints";"WiFiName";"CoverageArea";"FunctionFlag";"AccessFlag";"Password";"Latitude_WGS84";"Longitude_WGS84";"global_id";"geoData";
"1";"Государственное бюджетное учреждение культуры города Москвы «Дом культуры «Зодчие»";"Западный административный округ";"район Кунцево";"город Москва, улица Боженко, дом 9";"1";"Moscow_WiFi_Free";"50";"действует";"открытая сеть";"";"55.732291";"37.405202";"879812827";"{type=Point, coordinates=[37.405202, 55.732291]}";
"2";"Государственное бюджетное учреждение культуры города Москвы «Культурный центр «Рублево»";"Западный административный округ";"район Кунцево";"город Москва, Полоцкая улица, дом 16";"1";"Moscow_WiFi_Free";"50";"действует";"открытая сеть";"";"55.734456";"37.425180";"879812830";"{type=Point, coordinates=[37.42518, 55.734456]}";
"3";"Государственное бюджетное учреждение культуры города Москвы «Культурный центр «Рублево»";"Западный административный округ";"район Кунцево";"город Москва, Партизанская улица, дом 35, корпус 1";"4";"Moscow_WiFi_Free";"50";"действует";"открытая сеть";"";"55.738546";"37.407663";"879812833";"{type=Point, coordinates=[37.407663, 55.738546]}";
"4";"Государственное бюджетное учреждение культуры города Москвы «Территориальная клубная система «Кунцево»";"Западный административный округ";"район Крылатское";"город Москва, Крылатская улица, дом 29, корпус 2";"1";"Moscow_WiFi_Free";"50";"действует";"открытая сеть";"";"55.770056";"37.410879";"879812835";"{type=Point, coordinates=[37.410879, 55.770056]}";
"5";"Государственное бюджетное учреждение культуры города Москвы «Территориальная клубная система «Кунцево»";"Западный административный округ";"район Крылатское";"город Москва, Рублёвское шоссе, дом 36, корпус 2";"1";"Moscow_WiFi_Free";"50";"действует";"открытая сеть";"";"55.749881";"37.418137";"879812839";"{type=Point, coordinates=[37.418137, 55.749881]}";
"6";"Государственное бюджетное учреждение культуры города Москвы «Центр культуры и досуга «Парк Новослободский»";"Центральный административный округ";"Тверской район";"город Москва, Новослободская улица, дом 58/12, строение 23";"1";"Moscow_WiFi_Free";"50";"действует";"открытая сеть";"";"55.790909";"37.597010";"879895103";"{type=Point, coordinates=[37.59701, 55.790909]}";
"7";"Государственное бюджетное учреждение культуры города Москвы «Дом культуры «Аструм»";"Западный административный округ";"район Дорогомилово";"город Москва, улица Генерала Ермолова, дом 10/6";"4";"Moscow_WiFi_Free";"50";"действует";"открытая сеть";"";"55.739184";"37.515533";"879812843";"{type=Point, coordinates=[37.515533, 55.739184]}";
"8";"Государственное бюджетное учреждение культуры города Москвы «Дом культуры «Аструм»";"Западный административный округ";"район Дорогомилово";"город Москва, площадь Победы, дом 2, корпус 2";"1";"Moscow_WiFi_Free";"50";"действует";"открытая сеть";"";"55.737507";"37.518371";"879812845";"{type=Point, coordinates=[37.518371, 55.737507]}";
"9";"Государственное бюджетное учреждение культуры города Москвы «Дом культуры «Гайдаровец»";"Центральный административный округ";"Басманный район";"город Москва, Большой Казённый переулок, дом 8, строение 2";"1";"Moscow_WiFi_Free";"50";"действует";"открытая сеть";"";"55.759750";"37.655975";"879812846";"{type=Point, coordinates=[37.655975, 55.75975]}";
"10";"Государственное бюджетное учреждение культуры города Москвы «Клуб «Атом»";"Северо-Западный административный округ";"район Щукино";"город Москва, улица Маршала Бирюзова, дом 10, корпус 2";"1";"Moscow_WiFi_Free";"50";"действует";"открытая сеть";"";"55.793060";"37.496309";"879812847";"{type=Point, coordinates=[37.496309, 55.79306]}";
"11";"Государственное бюджетное учреждение культуры города Москвы «Клуб «Современник»";"Северо-Западный административный округ";"район Строгино";"город Москва, улица Исаковского, дом 6, корпус 1";"1";"Moscow_WiFi_Free";"50";"действует";"открытая сеть";"";"55.818169";"37.400962";"879895141";"{type=Point, coordinates=[37.400962, 55.818169]}";
"12";"Государственное бюджетное учреждение культуры города Москвы «Территориальная клубная система «Кунцево»";"Западный административный округ";"район Крылатское";"город Москва, улица Крылатские Холмы, дом 26, корпус 2";"1";"Moscow_WiFi_Free";"50";"действует";"открытая сеть";"";"55.764151";"37.416601";"879895153";"{type=Point, coordinates=[37.416601, 55.764151]}";
"13";"Государственное бюджетное учреждение культуры города Москвы «Территориальная клубная система «Солнцево»";"Западный административный округ";"район Солнцево";"город Москва, улица Богданова, дом 54";"1";"Moscow_WiFi_Free";"50";"действует";"открытая сеть";"";"55.648814";"37.392275";"879812882";"{type=Point, coordinates=[37.392275, 55.648814]}";
"14";"Государственное бюджетное учреждение культуры города Москвы «Территориальная клубная система «Солнцево»";"Западный административный округ";"район Солнцево";"город Москва, Солнцевский проспект, дом 5";"1";"Moscow_WiFi_Free";"50";"действует";"открытая сеть";"";"55.651349";"37.398347";"879812883";"{type=Point, coordinates=[37.398347, 55.651349]}";
"15";"Государственное бюджетное учреждение культуры города Москвы «Центр культуры и досуга «Парк Новослободский»";"Центральный административный округ";"Тверской район";"город Москва, улица Сущёвский Вал, владение 10А, строение 1";"1";"Moscow_WiFi_Free";"50";"действует";"открытая сеть";"";"55.791825";"37.597028";"879895175";"{type=Point, coordinates=[37.597028, 55.791825]}";
"16";"Государственное автономное учреждение культуры города Москвы «Культурный центр «Зеленоград»";"Зеленоградский административный округ";"район Силино";"город Москва, город Зеленоград, корпус 1006";"1";"Moscow_WiFi_Free";"50";"действует";"открытая сеть";"";"55.984703";"37.175044";"879812885";"{type=Point, coordinates=[37.175044, 55.984703]}";
"17";"Государственное бюджетное учреждение культуры города Москвы «Дом культуры «Новокосино»";"Восточный административный округ";"район Новокосино";"город Москва, Городецкая улица, дом 10Б";"4";"Moscow_WiFi_Free";"50";"действует";"открытая сеть";"";"55.738530";"37.863917";"879812886";"{type=Point, coordinates=[37.863917, 55.73853]}";
"18";"Государственное бюджетное учреждение культуры города Москвы «Территориальная клубная система «Солнцево»";"Западный административный округ";"район Солнцево";"город Москва, Солнцевский проспект, дом 17/1";"1";"Moscow_WiFi_Free";"50";"действует";"открытая сеть";"";"55.647991";"37.409298";"879812887";"{type=Point, coordinates=[37.409298, 55.647991]}";
"19";"Государственное бюджетное учреждение культуры города Москвы «Московский многофункциональный культурный центр»";"Северо-Восточный административный округ";"Бабушкинский район";"город Москва, улица Коминтерна, дом 11/7";"4";"Moscow_WiFi_Free";"50";"действует";"открытая сеть";"";"55.864505";"37.679179";"879895213";"{type=Point, coordinates=[37.679179, 55.864505]}";
"20";"Государственное бюджетное учреждение культуры города Москвы Центр культуры и искусства «Меридиан»";"Юго-Западный административный округ";"район Черёмушки";"город Москва, Профсоюзная улица, дом 61";"40";"Moscow_WiFi_Free";"50";"действует";"открытая сеть";"";"55.656697";"37.542500";"879895215";"{type=Point, coordinates=[37.5425, 55.656697]}";
"21";"Государственное бюджетное учреждение культуры города Москвы «Территориальная клубная система «Оптимист»";"Западный административный округ";"район Раменки";"город Москва, 1-й Сетуньский проезд, дом 16/2";"1";"Moscow_WiFi_Free";"50";"действует";"открытая сеть";"";"55.733300";"37.538925";"879894711";"{type=Point, coordinates=[37.538925, 55.7333]}";
"22";"Государственное бюджетное учреждение культуры города Москвы «Территориальная клубная система «ФилиДавыдково»";"Западный административный округ";"район Фили-Давыдково";"город Москва, улица Олеко Дундича, дом 39, корпус 2";"1";"Moscow_WiFi_Free";"50";"действует";"открытая сеть";"";"55.736914";"37.480633";"879894782";"{type=Point, coordinates=[37.480633, 55.736914]}";
"23";"Государственное бюджетное учреждение культуры города Москвы Центр искусств и творчества «Марьина Роща»";"Северо-Восточный административный округ";"район Марьина Роща";"город Москва, Октябрьская улица, дом 91, корпус 1";"1";"Moscow_WiFi_Free";"50";"действует";"открытая сеть";"";"55.797442";"37.612272";"879812733";"{type=Point, coordinates=[37.612272, 55.797442]}";
"24";"Государственное бюджетное учреждение культуры города Москвы «Дом культуры «Нагатино»";"Южный административный округ";"район Нагатинский Затон";"город Москва, Судостроительная улица, дом 31, корпус 1";"1";"Moscow_WiFi_Free";"50";"действует";"открытая сеть";"";"55.683386";"37.682359";"879894811";"{type=Point, coordinates=[37.682359, 55.683386]}";
"25";"Государственное бюджетное учреждение культуры города Москвы «Территориальная клубная система «Бригантина»";"Западный административный округ";"район Филёвский Парк";"город Москва, Кастанаевская улица, дом 26";"1";"Moscow_WiFi_Free";"50";"действует";"открытая сеть";"";"55.738095";"37.489464";"879812737";"{type=Point, coordinates=[37.489464, 55.738095]}";
"26";"Государственное бюджетное учреждение культуры города Москвы «Территориальная клубная система «Спутник»";"Юго-Восточный административный округ";"Рязанский район";"город Москва, Яснополянская улица, дом 3, корпус 1";"1";"Moscow_WiFi_Free";"50";"действует";"открытая сеть";"";"55.722036";"37.787498";"879812738";"{type=Point, coordinates=[37.787498, 55.722036]}";
"27";"Государственное бюджетное учреждение культуры города Москвы «Территориальная клубная система «Планета»";"Западный административный округ";"район Очаково-Матвеевское";"город Москва, Озёрная улица, дом 23, корпус 1";"1";"Moscow_WiFi_Free";"50";"действует";"открытая сеть";"";"55.676402";"37.454501";"879812739";"{type=Point, coordinates=[37.454501, 55.676402]}";
"28";"Государственное бюджетное учреждение культуры города Москвы «Территориальная клубная система «Оптимист»";"Западный административный округ";"район Тропарёво-Никулино";"город Москва, проспект Вернадского, дом 89, корпус 4";"1";"Moscow_WiFi_Free";"50";"действует";"открытая сеть";"";"55.664984";"37.500127";"879812741";"{type=Point, coordinates=[37.500127, 55.664984]}";
"29";"Государственное бюджетное учреждение культуры города Москвы Творческий центр «Москворечье»";"Южный административный округ";"район Москворечье-Сабурово";"город Москва, Каширское шоссе, дом 52";"54";"Moscow_WiFi_Free";"50";"действует";"открытая сеть";"";"55.645964";"37.668022";"879812742";"{type=Point, coordinates=[37.668022, 55.645964]}";
"30";"Государственное бюджетное учреждение культуры города Москвы «Дом культуры «Пересвет»";"Новомосковский административный округ";"поселение Рязановское";"город Москва, поселение Рязановское, посёлок Знамя Октября, дом 3";"1";"Moscow_WiFi_Free";"50";"действует";"открытая сеть";"";"55.473643";"37.538260";"879894875";"{type=Point, coordinates=[37.53826, 55.473643]}";
"31";"Государственное бюджетное учреждение культуры города Москвы «Дом культуры «Пересвет»";"Новомосковский административный округ";"поселение Рязановское";"город Москва, поселение Рязановское, посёлок Знамя Октября, дом 2";"1";"Moscow_WiFi_Free";"50";"действует";"открытая сеть";"";"55.473276";"37.538970";"879812744";"{type=Point, coordinates=[37.53897, 55.473276]}";
"32";"Государственное бюджетное учреждение культуры города Москвы «Дворец культуры «Содружество»";"Северо-Восточный административный округ";"Алексеевский район";"город Москва, Рижский проезд, дом 9";"5";"Moscow_WiFi_Free";"50";"действует";"открытая сеть";"";"55.815585";"37.661392";"879812745";"{type=Point, coordinates=[37.661392, 55.815585]}";
"33";"Государственное бюджетное учреждение культуры города Москвы «Дворец культуры имени Ивана Михайловича Астахова»";"Юго-Восточный административный округ";"район Люблино";"город Москва, Люблинская улица, дом 149";"10";"Moscow_WiFi_Free";"50";"действует";"открытая сеть";"";"55.663212";"37.742762";"879812746";"{type=Point, coordinates=[37.742762, 55.663212]}";
"34";"Государственное бюджетное учреждение культуры города Москвы «Дворец культуры имени Ивана Михайловича Астахова»";"Юго-Восточный административный округ";"район Марьино";"город Москва, Новочеркасский бульвар, дом 29";"3";"Moscow_WiFi_Free";"50";"действует";"открытая сеть";"";"55.649185";"37.73646";"879812749";"{type=Point, coordinates=[37.73646, 55.649185]}";
"35";"Государственное бюджетное учреждение культуры города Москвы «Дом культуры «Берендей»";"Северо-Западный административный округ";"район Хорошёво-Мнёвники";"город Москва, улица Народного Ополчения, дом 12, корпус 3";"3";"Moscow_WiFi_Free";"50";"действует";"открытая сеть";"";"55.772289";"37.478432";"879812750";"{type=Point, coordinates=[37.478432, 55.772289]}";
"36";"Государственное бюджетное учреждение культуры города Москвы «Дом культуры «Гайдаровец»";"Центральный административный округ";"район Арбат";"город Москва, Староконюшенный переулок, дом 37";"1";"Moscow_WiFi_Free";"50";"действует";"открытая сеть";"";"55.748939";"37.594405";"879894923";"{type=Point, coordinates=[37.594405, 55.748939]}";
"37";"Государственное бюджетное учреждение культуры города Москвы «Дом культуры «Темп»";"Северо-Восточный административный округ";"Останкинский район";"город Москва, улица Академика Королёва, дом 8, корпус 1";"5";"Moscow_WiFi_Free";"50";"действует";"открытая сеть";"";"55.822599";"37.624256";"879894937";"{type=Point, coordinates=[37.624256, 55.822599]}";
"38";"Государственное бюджетное учреждение культуры города Москвы «Клуб «Атом»";"Северо-Западный административный округ";"район Щукино";"город Москва, улица Маршала Бирюзова, дом 12";"3";"Moscow_WiFi_Free";"50";"действует";"открытая сеть";"";"55.793303";"37.494512";"879894950";"{type=Point, coordinates=[37.494512, 55.793303]}";
"39";"Государственное бюджетное учреждение культуры города Москвы «Клуб «Молодежный»";"Северо-Восточный административный округ";"район Свиблово";"город Москва, Тенистый проезд, дом 14";"2";"Moscow_WiFi_Free";"50";"действует";"открытая сеть";"";"55.862793";"37.643058";"879894961";"{type=Point, coordinates=[37.643058, 55.862793]}";
"40";"Государственное бюджетное учреждение культуры города Москвы «Культурный центр «Митино»";"Северо-Западный административный округ";"район Митино";"город Москва, Митинская улица, дом 17, корпус 4";"2";"Moscow_WiFi_Free";"50";"действует";"открытая сеть";"";"55.841781";"37.366502";"879812755";"{type=Point, coordinates=[37.366502, 55.841781]}";
"41";"Государственное бюджетное учреждение культуры города Москвы Творческий центр «Москворечье»";"Южный административный округ";"район Нагатино-Садовники";"город Москва, Каширское шоссе, дом 16";"2";"Moscow_WiFi_Free";"50";"действует";"открытая сеть";"";"55.662187";"37.630499";"879812757";"{type=Point, coordinates=[37.630499, 55.662187]}";
"42";"Государственное бюджетное учреждение культуры города Москвы «Территориальная клубная система «Бригантина»";"Западный административный округ";"район Филёвский Парк";"город Москва, улица Василисы Кожиной, дом 24, корпус 1";"2";"Moscow_WiFi_Free";"50";"действует";"открытая сеть";"";"55.734070";"37.490883";"879812760";"{type=Point, coordinates=[37.490883, 55.73407]}";
"43";"Государственное бюджетное учреждение культуры города Москвы «Территориальная клубная система «Бригантина»";"Западный административный округ";"район Филёвский Парк";"город Москва, Кастанаевская улица, дом 9, корпус 2";"1";"Moscow_WiFi_Free";"50";"действует";"открытая сеть";"";"55.738029";"37.494359";"879894997";"{type=Point, coordinates=[37.494359, 55.738029]}";
"44";"Государственное бюджетное учреждение культуры города Москвы «Территориальная клубная система «Кунцево»";"Западный административный округ";"Можайский район";"город Москва, улица Вересаева, дом 17";"3";"Moscow_WiFi_Free";"50";"действует";"открытая сеть";"";"55.716691";"37.446506";"879895007";"{type=Point, coordinates=[37.446506, 55.716691]}";
"45";"Государственное бюджетное учреждение культуры города Москвы «Территориальная клубная система «Кунцево»";"Западный административный округ";"Можайский район";"город Москва, Можайское шоссе, дом 4, корпус 1";"2";"Moscow_WiFi_Free";"50";"действует";"открытая сеть";"";"55.723146";"37.443721";"879895011";"{type=Point, coordinates=[37.443721, 55.723146]}";
"46";"Государственное бюджетное учреждение культуры города Москвы «Территориальная клубная система «НовоПеределкино»";"Западный административный округ";"район Ново-Переделкино";"город Москва, Боровское шоссе, дом 35, корпус 1";"3";"Moscow_WiFi_Free";"50";"действует";"открытая сеть";"";"55.640609";"37.360969";"879812770";"{type=Point, coordinates=[37.360969, 55.640609]}";
"47";"Государственное бюджетное учреждение культуры города Москвы «Территориальная клубная система «НовоПеределкино»";"Западный административный округ";"район Ново-Переделкино";"город Москва, Лукинская улица, дом 1, корпус 1";"5";"Moscow_WiFi_Free";"50";"действует";"открытая сеть";"";"55.646447";"37.343901";"879812772";"{type=Point, coordinates=[37.343901, 55.646447]}";
"48";"Государственное бюджетное учреждение культуры города Москвы «Территориальная клубная система «НовоПеределкино»";"Западный административный округ";"район Ново-Переделкино";"город Москва, Лукинская улица, дом 9, корпус 1";"2";"Moscow_WiFi_Free";"50";"действует";"открытая сеть";"";"55.643023";"37.338259";"879894795";"{type=Point, coordinates=[37.338259, 55.643023]}";
"49";"Государственное бюджетное учреждение культуры города Москвы «Территориальная клубная система «НовоПеределкино»";"Западный административный округ";"район Ново-Переделкино";"город Москва, Приречная улица, дом 5";"2";"Moscow_WiFi_Free";"50";"действует";"открытая сеть";"";"55.643795";"37.371299";"879894806";"{type=Point, coordinates=[37.371299, 55.643795]}";
"50";"Государственное бюджетное учреждение культуры города Москвы «Территориальная клубная система «НовоПеределкино»";"Западный административный округ";"район Ново-Переделкино";"город Москва, Чоботовская улица, дом 17, корпус 1";"4";"Moscow_WiFi_Free";"50";"действует";"открытая сеть";"";"55.645182";"37.347970";"879812761";"{type=Point, coordinates=[37.34797, 55.645182]}";
"51";"Государственное бюджетное учреждение культуры города Москвы «Территориальная клубная система «НовоПеределкино»";"Западный административный округ";"район Ново-Переделкино";"город Москва, Чоботовский проезд, дом 7";"4";"Moscow_WiFi_Free";"50";"действует";"открытая сеть";"";"55.653167";"37.353081";"879812764";"{type=Point, coordinates=[37.353081, 55.653167]}";
"52";"Государственное бюджетное учреждение культуры города Москвы «Территориальная клубная система «Орехово»";"Южный административный округ";"район Орехово-Борисово Северное";"город Москва, Домодедовская улица, дом 22, корпус 1";"3";"Moscow_WiFi_Free";"50";"действует";"открытая сеть";"";"55.611668";"37.706910";"879812767";"{type=Point, coordinates=[37.70691, 55.611668]}";
"53";"Государственное бюджетное учреждение культуры города Москвы «Территориальная клубная система «Планета»";"Западный административный округ";"район Очаково-Матвеевское";"город Москва, Веерная улица, дом 3, корпус 6";"3";"Moscow_WiFi_Free";"50";"действует";"открытая сеть";"";"55.705762";"37.476986";"879894846";"{type=Point, coordinates=[37.476986, 55.705762]}";
"54";"Государственное бюджетное учреждение культуры города Москвы «Территориальная клубная система «Планета»";"Западный административный округ";"район Очаково-Матвеевское";"город Москва, Матвеевская улица, дом 18, корпус 1";"2";"Moscow_WiFi_Free";"50";"действует";"открытая сеть";"";"55.702652";"37.467958";"879894856";"{type=Point, coordinates=[37.467958, 55.702652]}";
"55";"Государственное бюджетное учреждение культуры города Москвы «Территориальная клубная система «Планета»";"Западный административный округ";"район Очаково-Матвеевское";"город Москва, улица Наташи Ковшовой, дом 5/2";"2";"Moscow_WiFi_Free";"50";"действует";"открытая сеть";"";"55.684082";"37.454923";"879812773";"{type=Point, coordinates=[37.454923, 55.684082]}";
"56";"Государственное бюджетное учреждение культуры города Москвы «Территориальная клубная система «Планета»";"Западный административный округ";"район Очаково-Матвеевское";"город Москва, Озёрная улица, дом 11";"1";"Moscow_WiFi_Free";"50";"действует";"открытая сеть";"";"55.681123";"37.459864";"879812774";"{type=Point, coordinates=[37.459864, 55.681123]}";
"57";"Государственное бюджетное учреждение культуры города Москвы «Территориальная клубная система «Планета»";"Западный административный округ";"район Очаково-Матвеевское";"город Москва, Озёрная улица, дом 4/9";"6";"Moscow_WiFi_Free";"50";"действует";"открытая сеть";"";"55.683036";"37.460574";"879812775";"{type=Point, coordinates=[37.460574, 55.683036]}";
"58";"Государственное бюджетное учреждение культуры города Москвы «Территориальная клубная система «Планета»";"Западный административный округ";"район Очаково-Матвеевское";"город Москва, Очаковское шоссе, дом 21, корпус 2";"2";"Moscow_WiFi_Free";"50";"действует";"открытая сеть";"";"55.690583";"37.451815";"879812776";"{type=Point, coordinates=[37.451815, 55.690583]}";
"59";"Государственное бюджетное учреждение культуры города Москвы «Территориальная клубная система «Спутник»";"Юго-Восточный административный округ";"Нижегородский район";"город Москва, Орехово-Зуевский проезд, дом 10";"1";"Moscow_WiFi_Free";"50";"действует";"открытая сеть";"";"55.731212";"37.749328";"879812777";"{type=Point, coordinates=[37.749328, 55.731212]}";
"60";"Государственное бюджетное учреждение культуры города Москвы «Территориальная клубная система «Товарищ»";"Северо-Восточный административный округ";"район Отрадное";"город Москва, Алтуфьевское шоссе, дом 22";"4";"Moscow_WiFi_Free";"50";"действует";"открытая сеть";"";"55.859266";"37.585583";"879894903";"{type=Point, coordinates=[37.585583, 55.859266]}";
"61";"Государственное бюджетное учреждение культуры города Москвы «Территориальная клубная система «Товарищ»";"Северо-Восточный административный округ";"район Бибирево";"город Москва, улица Лескова, дом 30, корпус 1";"2";"Moscow_WiFi_Free";"50";"действует";"открытая сеть";"";"55.891683";"37.617411";"879812780";"{type=Point, coordinates=[37.617411, 55.891683]}";
"62";"Государственное бюджетное учреждение культуры города Москвы «Территориальная клубная система «Товарищ»";"Северо-Восточный административный округ";"район Ростокино";"город Москва, проспект Мира, дом 163, корпус 1";"3";"Moscow_WiFi_Free";"50";"действует";"открытая сеть";"";"55.836388";"37.653334";"879894920";"{type=Point, coordinates=[37.653334, 55.836388]}";
"63";"Государственное бюджетное учреждение культуры города Москвы «Территориальная клубная система «Товарищ»";"Северо-Восточный административный округ";"Ярославский район";"город Москва, Ярославское шоссе, дом 18";"1";"Moscow_WiFi_Free";"50";"действует";"открытая сеть";"";"55.855042";"37.685467";"879894933";"{type=Point, coordinates=[37.685467, 55.855042]}";
"64";"Государственное бюджетное учреждение культуры города Москвы «Территориальная клубная система «ФилиДавыдково»";"Западный административный округ";"район Фили-Давыдково";"город Москва, Большая Филёвская улица, дом 59, корпус 1";"3";"Moscow_WiFi_Free";"50";"действует";"открытая сеть";"";"55.738292";"37.464904";"879894943";"{type=Point, coordinates=[37.464904, 55.738292]}";
"65";"Государственное бюджетное учреждение культуры города Москвы «Территориальная клубная система «ФилиДавыдково»";"Западный административный округ";"район Фили-Давыдково";"город Москва, Кременчугская улица, дом 7, корпус 3";"3";"Moscow_WiFi_Free";"50";"действует";"открытая сеть";"";"55.721833";"37.465721";"879812785";"{type=Point, coordinates=[37.465721, 55.721833]}";
"66";"Государственное бюджетное учреждение культуры города Москвы «Территориальная клубная система «Оптимист»";"Западный административный округ";"район Тропарёво-Никулино";"город Москва, улица 26-ти Бакинских Комиссаров, дом 12, корпус 2";"7";"Moscow_WiFi_Free";"50";"действует";"открытая сеть";"";"55.660424";"37.488601";"879812786";"{type=Point, coordinates=[37.488601, 55.660424]}";
"67";"Государственное бюджетное учреждение культуры города Москвы «Территориальная клубная система «Оптимист»";"Западный административный округ";"район Тропарёво-Никулино";"город Москва, улица Академика Анохина, дом 62";"4";"Moscow_WiFi_Free";"50";"действует";"открытая сеть";"";"55.648428";"37.468479";"879894977";"{type=Point, coordinates=[37.468479, 55.648428]}";
"68";"Государственное бюджетное учреждение культуры города Москвы «Территориальная клубная система «Оптимист»";"Западный административный округ";"район Тропарёво-Никулино";"город Москва, Ленинский проспект, дом 150";"2";"Moscow_WiFi_Free";"50";"действует";"открытая сеть";"";"55.654523";"37.491296";"879894987";"{type=Point, coordinates=[37.491296, 55.654523]}";
"69";"Государственное бюджетное учреждение культуры города Москвы «Территориальная клубная система «Оптимист»";"Западный административный округ";"район Раменки";"город Москва, улица Лобачевского, дом 100, корпус 3";"1";"Moscow_WiFi_Free";"50";"действует";"открытая сеть";"";"55.685274";"37.483032";"879812789";"{type=Point, coordinates=[37.483032, 55.685274]}";
"70";"Государственное бюджетное учреждение культуры города Москвы «Территориальная клубная система «Оптимист»";"Западный административный округ";"район Раменки";"город Москва, улица Лобачевского, дом 100";"1";"Moscow_WiFi_Free";"50";"действует";"открытая сеть";"";"55.684772";"37.481702";"879812791";"{type=Point, coordinates=[37.481702, 55.684772]}";
"71";"Государственное бюджетное учреждение культуры города Москвы «Территориальная клубная система «Оптимист»";"Западный административный округ";"район Раменки";"город Москва, Мичуринский проспект, дом 54, корпус 3";"2";"Moscow_WiFi_Free";"50";"действует";"открытая сеть";"";"55.694378";"37.487784";"879812792";"{type=Point, coordinates=[37.487784, 55.694378]}";
"72";"Государственное бюджетное учреждение культуры города Москвы «Территориальная клубная система «Оптимист»";"Западный административный округ";"район Раменки";"город Москва, 3-й Сетуньский проезд, дом 13";"1";"Moscow_WiFi_Free";"50";"действует";"открытая сеть";"";"55.731871";"37.533526";"879894779";"{type=Point, coordinates=[37.533526, 55.731871]}";
"73";"Государственное бюджетное учреждение культуры города Москвы «Территориальная клубная система «Оптимист»";"Западный административный округ";"район Проспект Вернадского";"город Москва, улица Удальцова, дом 17, корпус 1";"3";"Moscow_WiFi_Free";"50";"действует";"открытая сеть";"";"55.673229";"37.513451";"879894797";"{type=Point, coordinates=[37.513451, 55.673229]}";
"74";"Государственное бюджетное учреждение культуры города Москвы «Территориальная клубная система «Оптимист»";"Западный административный округ";"район Проспект Вернадского";"город Москва, улица Удальцова, дом 69";"1";"Moscow_WiFi_Free";"50";"действует";"открытая сеть";"";"55.679225";"37.499067";"879812796";"{type=Point, coordinates=[37.499067, 55.679225]}";
"75";"Государственное бюджетное учреждение культуры города Москвы «Московский продюсерский центр»";"Южный административный округ";"район Чертаново Северное";"город Москва, микрорайон Северное Чертаново, дом 5, корпус Г";"10";"Moscow_WiFi_Free";"50";"действует";"открытая сеть";"";"55.637992";"37.590991";"879894817";"{type=Point, coordinates=[37.590991, 55.637992]}";
"76";"Государственное бюджетное учреждение культуры города Москвы «Дом культуры «Кленово»";"Троицкий административный округ";"поселение Кленовское";"город Москва, поселение Кленовское, село Кленово, Центральная улица, дом 1";"5";"Moscow_WiFi_Free";"50";"действует";"открытая сеть";"";"55.323786";"37.344654";"879812801";"{type=Point, coordinates=[37.344654, 55.323786]}";
"77";"Государственное бюджетное учреждение культуры города Москвы «Дом культуры «Десна»";"Новомосковский административный округ";"поселение Рязановское";"город Москва, поселение Рязановское, посёлок Ерино, Высокая улица, дом 1";"1";"Moscow_WiFi_Free";"50";"действует";"открытая сеть";"";"55.449342";"37.521066";"879894836";"{type=Point, coordinates=[37.521066, 55.449342]}";
"78";"Государственное бюджетное учреждение культуры города Москвы Центр культуры «Гармония»";"Северный административный округ";"район Сокол";"город Москва, 2-я Песчаная улица, дом 3";"2";"Moscow_WiFi_Free";"50";"действует";"открытая сеть";"";"55.796420";"37.516251";"879812806";"{type=Point, coordinates=[37.516251, 55.79642]}";
"79";"Государственное бюджетное учреждение культуры города Москвы «Культурный центр «Доброволец»";"Зеленоградский административный округ";"район Силино";"город Москва, город Зеленоград, корпус 1209";"1";"Moscow_WiFi_Free";"50";"действует";"открытая сеть";"";"55.994219";"37.195310";"879812808";"{type=Point, coordinates=[37.19531, 55.994219]}";
"80";"Государственное бюджетное учреждение культуры города Москвы «Территориальная клубная система «Кунцево»";"Западный административный округ";"Можайский район";"город Москва, Барвихинская улица, дом 4, корпус 2";"4";"Moscow_WiFi_Free";"50";"действует";"открытая сеть";"";"55.716149";"37.391107";"879894863";"{type=Point, coordinates=[37.391107, 55.716149]}";
"81";"Государственное бюджетное учреждение культуры города Москвы «Территориальная клубная система «Кунцево»";"Западный административный округ";"район Крылатское";"город Москва, Рублёвское шоссе, дом 34, корпус 2";"1";"Moscow_WiFi_Free";"50";"действует";"открытая сеть";"";"55.748934";"37.419377";"879812813";"{type=Point, coordinates=[37.419377, 55.748934]}";
"82";"Государственное бюджетное учреждение культуры города Москвы «Территориальная клубная система «Спутник»";"Юго-Восточный административный округ";"район Люблино";"город Москва, улица Головачёва, дом 3, корпус 2";"2";"Moscow_WiFi_Free";"50";"действует";"открытая сеть";"";"55.675209";"37.805509";"879812815";"{type=Point, coordinates=[37.805509, 55.675209]}";
"83";"Государственное бюджетное учреждение культуры города Москвы «Территориальная клубная система «ФилиДавыдково»";"Западный административный округ";"район Фили-Давыдково";"город Москва, Кременчугская улица, дом 44, корпус 2";"3";"Moscow_WiFi_Free";"50";"действует";"открытая сеть";"";"55.713157";"37.457609";"879894883";"{type=Point, coordinates=[37.457609, 55.713157]}";
"84";"Государственное бюджетное учреждение культуры города Москвы «Территориальная клубная система «Солнцево»";"Западный административный округ";"район Солнцево";"город Москва, улица Авиаторов, дом 16, корпус 1";"2";"Moscow_WiFi_Free";"50";"действует";"открытая сеть";"";"55.645857";"37.399875";"879894891";"{type=Point, coordinates=[37.399875, 55.645857]}";
"85";"Государственное бюджетное учреждение культуры города Москвы «Центр культуры и досуга «Лира»";"Юго-Западный административный округ";"район Южное Бутово";"город Москва, бульвар Адмирала Ушакова, дом 12";"8";"Moscow_WiFi_Free";"50";"действует";"открытая сеть";"";"55.547810";"37.550298";"879812822";"{type=Point, coordinates=[37.550298, 55.54781]}";
"86";"Государственное бюджетное учреждение культуры города Москвы «Территориальная клубная система «Кунцево»";"Западный административный округ";"Можайский район";"город Москва, Беловежская улица, дом 39, корпус 1";"4";"Moscow_WiFi_Free";"50";"действует";"открытая сеть";"";"55.710666";"37.391987";"879894910";"{type=Point, coordinates=[37.391987, 55.710666]}";
"87";"Государственное бюджетное учреждение культуры города Москвы «Территориальная клубная система «Солнцево»";"Западный административный округ";"район Солнцево";"город Москва, улица Богданова, дом 50";"3";"Moscow_WiFi_Free";"50";"действует";"открытая сеть";"";"55.650434";"37.394422";"879812825";"{type=Point, coordinates=[37.394422, 55.650434]}";
"88";"Государственное бюджетное учреждение культуры города Москвы «Дом культуры «Зодчие»";"Западный административный округ";"район Кунцево";"город Москва, улица Боженко, дом 14, корпус 4";"3";"Moscow_WiFi_Free";"50";"действует";"открытая сеть";"";"55.732671";"37.407780";"879812826";"{type=Point, coordinates=[37.40778, 55.732671]}";
"89";"Государственное бюджетное учреждение культуры города Москвы «Центр культуры «Гармония»";"Северный административный округ";"район Коптево";"город Москва, Большая Академическая улица, дом 35";"2";"Moscow_WiFi_Free";"50";"действует";"открытая сеть";"";"55.831357";"37.530939";"879894944";"{type=Point, coordinates=[37.530939, 55.831357]}";
"90";"Государственное бюджетное учреждение культуры города Москвы «Дом культуры «Культурный центр»";"Северо-Восточный административный округ";"Останкинский район";"город Москва, Большая Марьинская улица, дом 15, корпус 2, строение 2";"12";"Moscow_WiFi_Free";"50";"действует";"открытая сеть";"";"55.808047";"37.633302";"879894956";"{type=Point, coordinates=[37.633302, 55.808047]}";
"91";"Государственное бюджетное учреждение культуры города Москвы «Территориальная клубная система «Орехово»";"Южный административный округ";"район Орехово-Борисово Северное";"город Москва, Борисовский проезд, дом 22, корпус 1, строение 2";"4";"Moscow_WiFi_Free";"50";"действует";"открытая сеть";"";"55.624190";"37.725801";"879894968";"{type=Point, coordinates=[37.725801, 55.62419]}";
"92";"Государственное бюджетное учреждение культуры города Москвы «Территориальная клубная система «НовоПеределкино»";"Западный административный округ";"район Ново-Переделкино";"город Москва, Боровское шоссе, дом 33, корпус 1";"2";"Moscow_WiFi_Free";"50";"действует";"открытая сеть";"";"55.640909";"37.361570";"879894980";"{type=Point, coordinates=[37.36157, 55.640909]}";
"93";"Государственное бюджетное учреждение культуры города Москвы «Территориальная клубная система «НовоПеределкино»";"Западный административный округ";"район Ново-Переделкино";"город Москва, Боровское шоссе, дом 40";"2";"Moscow_WiFi_Free";"50";"действует";"открытая сеть";"";"55.638104";"37.350602";"879894989";"{type=Point, coordinates=[37.350602, 55.638104]}";
"94";"Государственное бюджетное учреждение культуры города Москвы «Дом культуры «Братеево»";"Южный административный округ";"район Братеево";"город Москва, Братеевская улица, дом 16, корпус 3";"7";"Moscow_WiFi_Free";"50";"действует";"открытая сеть";"";"55.633399";"37.766747";"879895000";"{type=Point, coordinates=[37.766747, 55.633399]}";
"95";"Государственное бюджетное учреждение культуры города Москвы «Центр культуры и досуга «Лира»";"Юго-Западный административный округ";"район Южное Бутово";"город Москва, улица Брусилова, дом 15, корпус 1";"4";"Moscow_WiFi_Free";"50";"действует";"открытая сеть";"";"55.502416";"37.580436";"879895006";"{type=Point, coordinates=[37.580436, 55.502416]}";
"96";"Государственное бюджетное учреждение культуры города Москвы «Центр культуры и спорта»";"Южный административный округ";"район Бирюлёво Западное";"город Москва, Булатниковская улица, дом 9Б";"4";"Moscow_WiFi_Free";"50";"действует";"открытая сеть";"";"55.579297";"37.647459";"879894979";"{type=Point, coordinates=[37.647459, 55.579297]}";
"97";"Государственное бюджетное учреждение культуры города Москвы «Культурный центр «Рублево»";"Западный административный округ";"район Кунцево";"город Москва, улица Василия Ботылёва, дом 43";"21";"Moscow_WiFi_Free";"50";"действует";"открытая сеть";"";"55.790124";"37.353531";"879894990";"{type=Point, coordinates=[37.353531, 55.790124]}";
"98";"Государственное бюджетное учреждение культуры города Москвы «Территориальная клубная система «Планета»";"Западный административный округ";"район Очаково-Матвеевское";"город Москва, Веерная улица, дом 12, корпус 1";"4";"Moscow_WiFi_Free";"50";"действует";"открытая сеть";"";"55.710915";"37.485843";"879894999";"{type=Point, coordinates=[37.485843, 55.710915]}";
"99";"Государственное бюджетное учреждение культуры города Москвы «Дворец культуры имени Ивана Михайловича Астахова»";"Юго-Восточный административный округ";"район Марьино";"город Москва, улица Верхние Поля, дом 38, корпус 1";"3";"Moscow_WiFi_Free";"50";"действует";"открытая сеть";"";"55.666741";"37.771633";"879812797";"{type=Point, coordinates=[37.771633, 55.666741]}";
"100";"Государственное бюджетное учреждение культуры города Москвы «Дом культуры «На Вешняковской»";"Восточный административный округ";"район Вешняки";"город Москва, Вешняковская улица, дом 12Д";"2";"Moscow_WiFi_Free";"50";"действует";"открытая сеть";"";"55.734755";"37.822047";"879895016";"{type=Point, coordinates=[37.822047, 55.734755]}";
"101";"Государственное бюджетное учреждение культуры города Москвы «Дом культуры «Стимул»";"Центральный административный округ";"Таганский район";"город Москва, Волгоградский проспект, дом 7";"5";"Moscow_WiFi_Free";"50";"действует";"открытая сеть";"";"55.731516";"37.674040";"879812803";"{type=Point, coordinates=[37.67404, 55.731516]}";
"102";"Государственное бюджетное учреждение культуры города Москвы «Дом культуры «Заречье»";"Юго-Восточный административный округ";"район Некрасовка";"город Москва, 1-я Вольская улица, дом 11";"9";"Moscow_WiFi_Free";"50";"действует";"открытая сеть";"";"55.683777";"37.922407";"879897950";"{type=Point, coordinates=[37.922407, 55.683777]}";
"103";"Государственное бюджетное учреждение культуры города Москвы «Дом культуры «Маяк»";"Южный административный округ";"район Чертаново Южное";"город Москва, улица Газопровод, дом 9А";"14";"Moscow_WiFi_Free";"50";"действует";"открытая сеть";"";"55.591025";"37.606846";"879897958";"{type=Point, coordinates=[37.606846, 55.591025]}";
"104";"Государственное бюджетное учреждение культуры города Москвы «Культурный центр «Авангард»";"Южный административный округ";"район Орехово-Борисово Южное";"город Москва, улица Генерала Белова, дом 18";"12";"Moscow_WiFi_Free";"50";"действует";"открытая сеть";"";"55.609039";"37.721004";"879812810";"{type=Point, coordinates=[37.721004, 55.609039]}";
"105";"Государственное бюджетное учреждение культуры города Москвы «Дом культуры «Аструм»";"Западный административный округ";"район Дорогомилово";"город Москва, улица Генерала Ермолова, дом 6";"4";"Moscow_WiFi_Free";"50";"действует";"открытая сеть";"";"55.737557";"37.516368";"879897966";"{type=Point, coordinates=[37.516368, 55.737557]}";
"106";"Государственное бюджетное учреждение культуры города Москвы «Территориальная клубная система «Солнцево»";"Западный административный округ";"район Солнцево";"город Москва, улица Главмосстроя, дом 9";"2";"Moscow_WiFi_Free";"50";"действует";"открытая сеть";"";"55.655701";"37.406010";"879897974";"{type=Point, coordinates=[37.40601, 55.655701]}";
"107";"Государственное бюджетное учреждение культуры города Москвы «Дом культуры «Аструм»";"Западный административный округ";"район Дорогомилово";"город Москва, улица Дениса Давыдова, дом 3";"2";"Moscow_WiFi_Free";"50";"действует";"открытая сеть";"";"55.739052";"37.519755";"879812817";"{type=Point, coordinates=[37.519755, 55.739052]}";
"108";"Государственное бюджетное учреждение культуры города Москвы «Центр культуры «Гармония»";"Северный административный округ";"Тимирязевский район";"город Москва, Дмитровское шоссе, дом 25, корпус 1";"3";"Moscow_WiFi_Free";"50";"действует";"открытая сеть";"";"55.825108";"37.571228";"879897991";"{type=Point, coordinates=[37.571228, 55.825108]}";
"109";"Государственное бюджетное учреждение культуры города Москвы «Центр культуры и творчества «Нега»";"Северный административный округ";"Тимирязевский район";"город Москва, Дмитровское шоссе, дом 33, строение 5";"2";"Moscow_WiFi_Free";"50";"действует";"открытая сеть";"";"55.828319";"37.567869";"879897998";"{type=Point, coordinates=[37.567869, 55.828319]}";
"110";"Государственное бюджетное учреждение культуры города Москвы «Клуб «Феникс»";"Северо-Западный административный округ";"район Щукино";"город Москва, Живописная улица, дом 30, корпус 2";"3";"Moscow_WiFi_Free";"50";"действует";"открытая сеть";"";"55.792048";"37.455696";"879812823";"{type=Point, coordinates=[37.455696, 55.792048]}";
"111";"Государственное бюджетное учреждение культуры города Москвы «Дом культуры «Загорье»";"Южный административный округ";"район Бирюлёво Восточное";"город Москва, Загорьевская улица, дом 1, корпус 1";"5";"Moscow_WiFi_Free";"50";"действует";"открытая сеть";"";"55.581668";"37.673969";"879812972";"{type=Point, coordinates=[37.673969, 55.581668]}";
"112";"Государственное бюджетное учреждение культуры города Москвы «Дом культуры «На Вешняковской»";"Восточный административный округ";"район Восточный";"город Москва, Западная улица, дом 1";"5";"Moscow_WiFi_Free";"50";"действует";"открытая сеть";"";"55.819535";"37.858680";"879812974";"{type=Point, coordinates=[37.85868, 55.819535]}";
"113";"Государственное бюджетное учреждение культуры города Москвы «Территориальная клубная система «Товарищ»";"Северо-Восточный административный округ";"район Северное Медведково";"город Москва, Заревый проезд, дом 12";"3";"Moscow_WiFi_Free";"50";"действует";"открытая сеть";"";"55.886488";"37.656829";"879812976";"{type=Point, coordinates=[37.656829, 55.886488]}";
"114";"Государственное автономное учреждение культуры города Москвы «Культурный центр «Зеленоград»";"Зеленоградский административный округ";"район Силино";"город Москва, город Зеленоград, корпус 1013А";"2";"Moscow_WiFi_Free";"50";"действует";"открытая сеть";"";"55.989376";"37.170741";"879898036";"{type=Point, coordinates=[37.170741, 55.989376]}";
"115";"Государственное автономное учреждение культуры города Москвы «Культурный центр «Зеленоград»";"Зеленоградский административный округ";"район Крюково";"город Москва, город Зеленоград, корпус 1410";"2";"Moscow_WiFi_Free";"50";"действует";"открытая сеть";"";"55.986485";"37.146675";"879812978";"{type=Point, coordinates=[37.146675, 55.986485]}";
"116";"Государственное бюджетное учреждение культуры города Москвы «Культурный центр «Доброволец»";"Зеленоградский административный округ";"район Крюково";"город Москва, город Зеленоград, корпус 1414";"3";"Moscow_WiFi_Free";"50";"действует";"открытая сеть";"";"55.987170";"37.149748";"879898054";"{type=Point, coordinates=[37.149748, 55.98717]}";
"117";"Государственное автономное учреждение культуры города Москвы «Культурный центр «Зеленоград»";"Зеленоградский административный округ";"район Крюково";"город Москва, город Зеленоград, корпус 1432";"6";"Moscow_WiFi_Free";"50";"действует";"открытая сеть";"";"55.989169";"37.154554";"879898062";"{type=Point, coordinates=[37.154554, 55.989169]}";
"118";"Государственное автономное учреждение культуры города Москвы «Культурный центр «Зеленоград»";"Зеленоградский административный округ";"район Крюково";"город Москва, город Зеленоград, корпус 1444";"2";"Moscow_WiFi_Free";"50";"действует";"открытая сеть";"";"55.986072";"37.151446";"879898070";"{type=Point, coordinates=[37.151446, 55.986072]}";
"119";"Государственное бюджетное учреждение культуры города Москвы «Культурный центр «Доброволец»";"Зеленоградский административный округ";"район Савёлки";"город Москва, город Зеленоград, корпус 514А";"7";"Moscow_WiFi_Free";"50";"действует";"открытая сеть";"";"55.998237";"37.234791";"879898073";"{type=Point, coordinates=[37.234791, 55.998237]}";
"120";"Государственное бюджетное учреждение культуры города Москвы «Культурный центр «Доброволец»";"Зеленоградский административный округ";"район Савёлки";"город Москва, город Зеленоград, корпус 705";"5";"Moscow_WiFi_Free";"50";"действует";"открытая сеть";"";"55.985871";"37.235106";"879812983";"{type=Point, coordinates=[37.235106, 55.985871]}";
"121";"Государственное бюджетное учреждение культуры города Москвы «Клуб «Огонёк»";"Северный административный округ";"район Ховрино";"город Москва, Зеленоградская улица, дом 33А";"5";"Moscow_WiFi_Free";"50";"действует";"открытая сеть";"";"55.875642";"37.491647";"879897695";"{type=Point, coordinates=[37.491647, 55.875642]}";
"122";"Государственное бюджетное учреждение культуры города Москвы «Дом культуры «Гайдаровец»";"Центральный административный округ";"Басманный район";"город Москва, улица Земляной Вал, дом 24/32";"3";"Moscow_WiFi_Free";"50";"действует";"открытая сеть";"";"55.757896";"37.656119";"879897702";"{type=Point, coordinates=[37.656119, 55.757896]}";
"123";"Государственное бюджетное учреждение культуры города Москвы «Дом культуры «Гайдаровец»";"Центральный административный округ";"Басманный район";"город Москва, улица Земляной Вал, дом 27, строение 3";"10";"Moscow_WiFi_Free";"50";"действует";"открытая сеть";"";"55.759147";"37.658814";"879897712";"{type=Point, coordinates=[37.658814, 55.759147]}";
"124";"Государственное бюджетное учреждение культуры города Москвы «Территориальная клубная система «Спутник»";"Юго-Восточный административный округ";"Рязанский район";"город Москва, 3-я Институтская улица, дом 3";"3";"Moscow_WiFi_Free";"50";"действует";"открытая сеть";"";"55.720662";"37.781775";"879812988";"{type=Point, coordinates=[37.781775, 55.720662]}";
"125";"Государственное бюджетное учреждение культуры города Москвы «Дом культуры «Загорье»";"Южный административный округ";"район Москворечье-Сабурово";"город Москва, Кантемировская улица, дом 4, корпус 2";"12";"Moscow_WiFi_Free";"50";"действует";"открытая сеть";"";"55.638069";"37.681101";"879812989";"{type=Point, coordinates=[37.681101, 55.638069]}";
"126";"Государственное бюджетное учреждение культуры города Москвы «Дом культуры «Капотня»";"Юго-Восточный административный округ";"район Капотня";"город Москва, 2-й квартал Капотня, дом 20А";"8";"Moscow_WiFi_Free";"50";"действует";"открытая сеть";"";"55.638094";"37.799113";"879897728";"{type=Point, coordinates=[37.799113, 55.638094]}";
"127";"Государственное бюджетное учреждение культуры города Москвы «Клуб «Феникс»";"Северо-Западный административный округ";"район Хорошёво-Мнёвники";"город Москва, Карамышевская набережная, дом 6";"3";"Moscow_WiFi_Free";"50";"действует";"открытая сеть";"";"55.770679";"37.484199";"879812991";"{type=Point, coordinates=[37.484199, 55.770679]}";
"128";"Государственное бюджетное учреждение культуры города Москвы «Культурный центр «Аструм»";"Западный административный округ";"район Филёвский Парк";"город Москва, Кастанаевская улица, дом 4";"5";"Moscow_WiFi_Free";"50";"действует";"открытая сеть";"";"55.741095";"37.498510";"879897746";"{type=Point, coordinates=[37.49851, 55.741095]}";
"129";"Государственное бюджетное учреждение культуры города Москвы «Дом культуры «Гармония»";"Южный административный округ";"район Чертаново Южное";"город Москва, Кировоградская улица, дом 44Б";"3";"Moscow_WiFi_Free";"50";"действует";"открытая сеть";"";"55.597297";"37.594935";"879812993";"{type=Point, coordinates=[37.594935, 55.597297]}";
"130";"Государственное бюджетное учреждение культуры города Москвы «Дом культуры «Смена»";"Северо-Восточный административный округ";"район Бибирево";"город Москва, улица Корнейчука, дом 38Б";"13";"Moscow_WiFi_Free";"50";"действует";"открытая сеть";"";"55.897367";"37.626969";"879812994";"{type=Point, coordinates=[37.626969, 55.897367]}";
"131";"Государственное бюджетное учреждение культуры города Москвы «Центр культуры и спорта»";"Южный административный округ";"район Чертаново Центральное";"город Москва, улица Красного Маяка, дом 13А, корпус 7";"2";"Moscow_WiFi_Free";"50";"действует";"открытая сеть";"";"55.609365";"37.584146";"879897769";"{type=Point, coordinates=[37.584146, 55.609365]}";
"132";"Государственное бюджетное учреждение культуры города Москвы «Дворец культуры имени Ивана Михайловича Астахова»";"Юго-Восточный административный округ";"район Люблино";"город Москва, Краснодарская улица, дом 21";"6";"Moscow_WiFi_Free";"50";"действует";"открытая сеть";"";"55.677890";"37.750415";"879812898";"{type=Point, coordinates=[37.750415, 55.67789]}";
"133";"Государственное бюджетное учреждение культуры города Москвы «Московский продюсерский центр»";"Южный административный округ";"Нагорный район";"город Москва, Криворожская улица, дом 25А";"3";"Moscow_WiFi_Free";"50";"действует";"открытая сеть";"";"55.669041";"37.608472";"879812901";"{type=Point, coordinates=[37.608472, 55.669041]}";
"134";"Государственное бюджетное учреждение культуры города Москвы «Территориальная клубная система «Кунцево»";"Западный административный округ";"район Крылатское";"город Москва, улица Крылатские Холмы, дом 49";"3";"Moscow_WiFi_Free";"50";"действует";"открытая сеть";"";"55.764014";"37.412981";"879897795";"{type=Point, coordinates=[37.412981, 55.764014]}";
"135";"Государственное бюджетное учреждение культуры города Москвы «Культурный центр «Рублево»";"Западный административный округ";"район Кунцево";"город Москва, Кунцевская улица, дом 13/6";"2";"Moscow_WiFi_Free";"50";"действует";"открытая сеть";"";"55.730390";"37.413430";"879897810";"{type=Point, coordinates=[37.41343, 55.73039]}";
"136";"Государственное бюджетное учреждение культуры города Москвы «Государственный музей культурный центр «Интеграция» имени Николая Алексеевича Островского»";"Восточный административный округ";"район Перово";"город Москва, улица Лазо, дом 12";"16";"Moscow_WiFi_Free";"50";"действует";"открытая сеть";"";"55.743005";"37.771400";"879897818";"{type=Point, coordinates=[37.7714, 55.743005]}";
"137";"Государственное бюджетное учреждение культуры города Москвы «Культурный центр «Лидер»";"Юго-Восточный административный округ";"район Выхино-Жулебино";"город Москва, Лермонтовский проспект, дом 2, корпус 2";"6";"Moscow_WiFi_Free";"50";"действует";"открытая сеть";"";"55.703175";"37.844738";"879812908";"{type=Point, coordinates=[37.844738, 55.703175]}";
"138";"Государственное бюджетное учреждение культуры города Москвы «Культурный центр «Вдохновение»";"Юго-Западный административный округ";"район Ясенево";"город Москва, Литовский бульвар, дом 7";"25";"Moscow_WiFi_Free";"50";"действует";"открытая сеть";"";"55.613768";"37.538799";"879812910";"{type=Point, coordinates=[37.538799, 55.613768]}";
"139";"Государственное бюджетное учреждение культуры города Москвы «Территориальная клубная система «НовоПеределкино»";"Западный административный округ";"район Ново-Переделкино";"город Москва, Лукинская улица, дом 1";"5";"Moscow_WiFi_Free";"50";"действует";"открытая сеть";"";"55.647005";"37.344116";"879897836";"{type=Point, coordinates=[37.344116, 55.647005]}";
"140";"Государственное бюджетное учреждение культуры города Москвы «Территориальная клубная система «НовоПеределкино»";"Западный административный округ";"район Ново-Переделкино";"город Москва, Лукинская улица, дом 11";"3";"Moscow_WiFi_Free";"50";"действует";"открытая сеть";"";"55.642737";"37.33679";"879812914";"{type=Point, coordinates=[37.33679, 55.642737]}";
"141";"Государственное бюджетное учреждение культуры города Москвы «Дом культуры «Гайдаровец»";"Центральный административный округ";"Басманный район";"город Москва, Лялин переулок, дом 11-13/1, строение 1";"3";"Moscow_WiFi_Free";"50";"действует";"открытая сеть";"";"55.758980";"37.652571";"879897839";"{type=Point, coordinates=[37.652571, 55.75898]}";
"142";"Государственное бюджетное учреждение культуры города Москвы «Дом культуры «Перово»";"Восточный административный округ";"район Перово";"город Москва, Мартеновская улица, дом 7";"6";"Moscow_WiFi_Free";"50";"действует";"открытая сеть";"";"55.757850";"37.805572";"879812919";"{type=Point, coordinates=[37.805572, 55.75785]}";
"143";"Государственное бюджетное учреждение культуры города Москвы «Дом культуры «Берендей»";"Северо-Западный административный округ";"район Хорошёво-Мнёвники";"город Москва, проспект Маршала Жукова, дом 76";"6";"Moscow_WiFi_Free";"50";"действует";"открытая сеть";"";"55.779813";"37.451618";"879897841";"{type=Point, coordinates=[37.451618, 55.779813]}";
"144";"Государственное бюджетное учреждение культуры города Москвы «Территориальная клубная система «Орехово»";"Южный административный округ";"район Орехово-Борисово Северное";"город Москва, улица Маршала Захарова, дом 8, корпус 3";"3";"Moscow_WiFi_Free";"50";"действует";"открытая сеть";"";"55.624916";"37.701736";"879812923";"{type=Point, coordinates=[37.701736, 55.624916]}";
"145";"Государственное бюджетное учреждение культуры города Москвы «Клуб «Современник»";"Северо-Западный административный округ";"район Строгино";"город Москва, улица Маршала Катукова, дом 14, корпус 1";"2";"Moscow_WiFi_Free";"50";"действует";"открытая сеть";"";"55.807936";"37.405597";"879812925";"{type=Point, coordinates=[37.405597, 55.807936]}";
"146";"Государственное бюджетное учреждение культуры города Москвы «Клуб «Современник»";"Северо-Западный административный округ";"район Строгино";"город Москва, улица Маршала Катукова, дом 15, корпус 2";"3";"Moscow_WiFi_Free";"50";"действует";"открытая сеть";"";"55.810213";"37.406693";"879812927";"{type=Point, coordinates=[37.406693, 55.810213]}";
"147";"Государственное бюджетное учреждение культуры города Москвы «Клуб «Современник»";"Северо-Западный административный округ";"район Строгино";"город Москва, улица Маршала Катукова, дом 9, корпус 3";"3";"Moscow_WiFi_Free";"50";"действует";"открытая сеть";"";"55.811831";"37.404591";"879917138";"{type=Point, coordinates=[37.404591, 55.811831]}";
"148";"Государственное бюджетное учреждение культуры города Москвы «Дом Романса»";"Северо-Западный административный округ";"район Щукино";"город Москва, улица Маршала Новикова, дом 11";"3";"Moscow_WiFi_Free";"50";"действует";"открытая сеть";"";"55.802543";"37.465065";"879897799";"{type=Point, coordinates=[37.465065, 55.802543]}";
"149";"Государственное бюджетное учреждение культуры города Москвы «Клуб «Лицей»";"Восточный административный округ";"район Богородское";"город Москва, бульвар Маршала Рокоссовского, дом 3";"2";"Moscow_WiFi_Free";"50";"действует";"открытая сеть";"";"55.808933";"37.726116";"879897808";"{type=Point, coordinates=[37.726116, 55.808933]}";
"150";"Государственное бюджетное учреждение культуры города Москвы «Клуб «Феникс»";"Северо-Западный административный округ";"район Щукино";"город Москва, улица Маршала Рыбалко, дом 10";"3";"Moscow_WiFi_Free";"50";"действует";"открытая сеть";"";"55.798186";"37.489643";"879812897";"{type=Point, coordinates=[37.489643, 55.798186]}";
"151";"Государственное бюджетное учреждение культуры города Москвы «Клуб «Атом»";"Северо-Западный административный округ";"район Хорошёво-Мнёвники";"город Москва, улица Маршала Тухачевского, дом 20, строение 2";"5";"Moscow_WiFi_Free";"50";"действует";"открытая сеть";"";"55.784840";"37.479600";"879812899";"{type=Point, coordinates=[37.4796, 55.78484]}";
"152";"Государственное бюджетное учреждение культуры города Москвы «Дом культуры «Восход»";"Северный административный округ";"район Западное Дегунино";"город Москва, улица Маршала Федоренко, дом 2, корпус 1";"2";"Moscow_WiFi_Free";"50";"действует";"открытая сеть";"";"55.879233";"37.494162";"879812900";"{type=Point, coordinates=[37.494162, 55.879233]}";
"153";"Государственное бюджетное учреждение культуры города Москвы «Дом культуры «Восход»";"Северный административный округ";"район Западное Дегунино";"город Москва, улица Маршала Федоренко, дом 2, корпус 2";"4";"Moscow_WiFi_Free";"50";"действует";"открытая сеть";"";"55.879026";"37.494997";"879897837";"{type=Point, coordinates=[37.494997, 55.879026]}";
"154";"Государственное бюджетное учреждение культуры города Москвы «Центр культуры и спорта»";"Южный административный округ";"район Бирюлёво Западное";"город Москва, Медынская улица, дом 14, корпус 1";"4";"Moscow_WiFi_Free";"50";"действует";"открытая сеть";"";"55.583118";"37.646768";"879897838";"{type=Point, coordinates=[37.646768, 55.583118]}";
"155";"Государственное бюджетное учреждение культуры города Москвы «Дом культуры «Дружба»";"Южный административный округ";"район Бирюлёво Западное";"город Москва, Медынская улица, дом 6А";"4";"Moscow_WiFi_Free";"50";"действует";"открытая сеть";"";"55.593258";"37.644225";"879897840";"{type=Point, coordinates=[37.644225, 55.593258]}";
"156";"Государственное бюджетное учреждение культуры города Москвы «Культурный центр «Митино»";"Северо-Западный административный округ";"район Митино";"город Москва, Митинская улица, дом 31, корпус 1";"11";"Moscow_WiFi_Free";"50";"действует";"открытая сеть";"";"55.846366";"37.355812";"879897842";"{type=Point, coordinates=[37.355812, 55.846366]}";
"157";"Государственное бюджетное учреждение культуры города Москвы «Территориальная клубная система «Кунцево»";"Западный административный округ";"Можайский район";"город Москва, Можайское шоссе, дом 29";"2";"Moscow_WiFi_Free";"50";"действует";"открытая сеть";"";"55.718775";"37.422710";"879897843";"{type=Point, coordinates=[37.42271, 55.718775]}";
"158";"Государственное бюджетное учреждение культуры города Москвы «Дом культуры «Берендей»";"Северо-Западный административный округ";"район Хорошёво-Мнёвники";"город Москва, улица Народного Ополчения, дом 12, корпус 4";"5";"Moscow_WiFi_Free";"50";"действует";"открытая сеть";"";"55.772097";"37.479654";"879897844";"{type=Point, coordinates=[37.479654, 55.772097]}";
"159";"Государственное бюджетное учреждение культуры города Москвы «Дом культуры «Берендей»";"Северо-Западный административный округ";"район Хорошёво-Мнёвники";"город Москва, улица Народного Ополчения, дом 4";"2";"Moscow_WiFi_Free";"50";"действует";"открытая сеть";"";"55.770157";"37.476429";"879897845";"{type=Point, coordinates=[37.476429, 55.770157]}";
"160";"Государственное бюджетное учреждение культуры города Москвы «Клуб «Современник»";"Северо-Западный административный округ";"район Строгино";"город Москва, Неманский проезд, дом 5, корпус 2";"2";"Moscow_WiFi_Free";"50";"действует";"открытая сеть";"";"55.814502";"37.394664";"879897846";"{type=Point, coordinates=[37.394664, 55.814502]}";
"161";"Государственное бюджетное учреждение культуры города Москвы «Клуб «Лицей»";"Восточный административный округ";"район Метрогородок";"город Москва, улица Николая Химушина, дом 17, корпус 3";"6";"Moscow_WiFi_Free";"50";"действует";"открытая сеть";"";"55.824187";"37.764555";"879812920";"{type=Point, coordinates=[37.764555, 55.824187]}";
"162";"Государственное бюджетное учреждение культуры города Москвы «Центр культуры и досуга «Парк Новослободский»";"Центральный административный округ";"Тверской район";"город Москва, улица Сущёвский Вал, дом 10А, строение 2";"3";"Moscow_WiFi_Free";"50";"действует";"открытая сеть";"";"55.790130";"37.594144";"879897847";"{type=Point, coordinates=[37.594144, 55.79013]}";
"163";"Государственное бюджетное учреждение культуры города Москвы «Клуб «Феникс»";"Северо-Западный административный округ";"район Хорошёво-Мнёвники";"город Москва, Новохорошёвский проезд, дом 26";"2";"Moscow_WiFi_Free";"50";"действует";"открытая сеть";"";"55.777935";"37.491161";"879897848";"{type=Point, coordinates=[37.491161, 55.777935]}";
"164";"Государственное бюджетное учреждение культуры города Москвы «Центр культуры и искусства «Меридиан»";"Юго-Западный административный округ";"Обручевский район";"город Москва, улица Обручева, дом 11";"6";"Moscow_WiFi_Free";"50";"действует";"открытая сеть";"";"55.660022";"37.514993";"879812926";"{type=Point, coordinates=[37.514993, 55.660022]}";
"165";"Государственное бюджетное учреждение культуры города Москвы «Центр искусств и творчества «Марьина Роща»";"Северо-Восточный административный округ";"район Марьина Роща";"город Москва, Октябрьская улица, дом 58";"4";"Moscow_WiFi_Free";"50";"действует";"открытая сеть";"";"55.794796";"37.613251";"879897849";"{type=Point, coordinates=[37.613251, 55.794796]}";
"166";"Государственное бюджетное учреждение культуры города Москвы «Центр культуры «Сцена»";"Юго-Западный административный округ";"район Коньково";"город Москва, улица Островитянова, дом 15, корпус 1";"2";"Moscow_WiFi_Free";"50";"действует";"открытая сеть";"";"55.639751";"37.506298";"879897850";"{type=Point, coordinates=[37.506298, 55.639751]}";
"167";"Государственное бюджетное учреждение культуры города Москвы «Центр культуры и досуга «Парк Новослободский»";"Западный административный округ";"район Кунцево";"город Москва, Партизанская улица, дом 23";"12";"Moscow_WiFi_Free";"50";"действует";"открытая сеть";"";"55.735419";"37.411265";"879812930";"{type=Point, coordinates=[37.411265, 55.735419]}";
"168";"Государственное бюджетное учреждение культуры города Москвы «Культурный центр «Аструм»";"Западный административный округ";"район Дорогомилово";"город Москва, площадь Победы, дом 1, корпус А";"8";"Moscow_WiFi_Free";"50";"действует";"открытая сеть";"";"55.736508";"37.522054";"879897851";"{type=Point, coordinates=[37.522054, 55.736508]}";
"169";"Государственное бюджетное учреждение культуры города Москвы «Территориальная клубная система «Солнцево»";"Западный административный округ";"район Солнцево";"город Москва, Производственная улица, дом 7";"2";"Moscow_WiFi_Free";"50";"действует";"открытая сеть";"";"55.649195";"37.384828";"879812932";"{type=Point, coordinates=[37.384828, 55.649195]}";
"170";"Государственное бюджетное учреждение культуры города Москвы «Культурный центр «Митино»";"Северо-Западный административный округ";"район Митино";"город Москва, Пятницкое шоссе, дом 45";"2";"Moscow_WiFi_Free";"50";"действует";"открытая сеть";"";"55.857710";"37.349264";"879812933";"{type=Point, coordinates=[37.349264, 55.85771]}";
"171";"Государственное бюджетное учреждение культуры города Москвы «Дом Романса»";"Северо-Западный административный округ";"район Щукино";"город Москва, улица Расплетина, дом 2";"3";"Moscow_WiFi_Free";"50";"действует";"открытая сеть";"";"55.789315";"37.479780";"879812934";"{type=Point, coordinates=[37.47978, 55.789315]}";
"172";"Государственное бюджетное учреждение культуры города Москвы «Дом культуры «Юбилейный»";"Троицкий административный округ";"поселение Роговское";"город Москва, поселение Роговское, посёлок Рогово, Юбилейная улица, дом 1А";"8";"Moscow_WiFi_Free";"50";"действует";"открытая сеть";"";"55.214650";"37.074190";"879812939";"{type=Point, coordinates=[37.07419, 55.21465]}";
"173";"Государственное бюджетное учреждение культуры города Москвы «Культурный центр «Рублево»";"Западный административный округ";"район Кунцево";"город Москва, Рублёвское шоссе, дом 109, корпус 6";"2";"Moscow_WiFi_Free";"50";"действует";"открытая сеть";"";"55.744728";"37.417949";"879812940";"{type=Point, coordinates=[37.417949, 55.744728]}";
"174";"Государственное бюджетное учреждение культуры города Москвы «Дом культуры «Пересвет»";"Новомосковский административный округ";"поселение Рязановское";"город Москва, поселение Рязановское, посёлок Знамя Октября, дом 31, строение 3";"11";"Moscow_WiFi_Free";"50";"действует";"открытая сеть";"";"55.473306";"37.541674";"879812941";"{type=Point, coordinates=[37.541674, 55.473306]}";
"175";"Государственное бюджетное учреждение культуры города Москвы «Дом культуры «Десна»";"Новомосковский административный округ";"поселение Рязановское";"город Москва, поселение Рязановское, посёлок Фабрики имени 1 Мая, дом 37";"14";"Moscow_WiFi_Free";"50";"действует";"открытая сеть";"";"55.487458";"37.498635";"879897852";"{type=Point, coordinates=[37.498635, 55.487458]}";
"176";"Государственное бюджетное учреждение культуры города Москвы «Государственный музей культурный центр «Интеграция» имени Николая Алексеевича Островского»";"Восточный административный округ";"район Ивановское";"город Москва, Саянская улица, дом 6Б";"8";"Moscow_WiFi_Free";"50";"действует";"открытая сеть";"";"55.767078";"37.827769";"879812943";"{type=Point, coordinates=[37.827769, 55.767078]}";
"177";"Государственное бюджетное учреждение культуры города Москвы «Культурный центр «Ивановский»";"Восточный административный округ";"район Ивановское";"город Москва, Свободный проспект, дом 19";"5";"Moscow_WiFi_Free";"50";"действует";"открытая сеть";"";"55.758737";"37.820825";"879812944";"{type=Point, coordinates=[37.820825, 55.758737]}";
"178";"Государственное бюджетное учреждение культуры города Москвы «Дворец культуры «Салют»";"Северо-Западный административный округ";"район Южное Тушино";"город Москва, улица Свободы, дом 37";"19";"Moscow_WiFi_Free";"50";"действует";"открытая сеть";"";"55.840725";"37.454007";"879812945";"{type=Point, coordinates=[37.454007, 55.840725]}";
"179";"Государственное бюджетное учреждение культуры города Москвы «Дом культуры «Алые паруса»";"Северо-Западный административный округ";"район Северное Тушино";"город Москва, улица Свободы, дом 91";"6";"Moscow_WiFi_Free";"50";"действует";"открытая сеть";"";"55.866632";"37.445267";"879812947";"{type=Point, coordinates=[37.445267, 55.866632]}";
"180";"Государственное бюджетное учреждение культуры города Москвы «Дом культуры «Северный»";"Северо-Восточный административный округ";"район Северный";"город Москва, 3-я Северная линия, дом 17";"3";"Moscow_WiFi_Free";"50";"действует";"открытая сеть";"";"55.939842";"37.553478";"879812948";"{type=Point, coordinates=[37.553478, 55.939842]}";
"181";"Государственное бюджетное учреждение культуры города Москвы «Дом культуры «Стимул»";"Центральный административный округ";"Таганский район";"город Москва, Сибирский проезд, дом 2, строение 5";"8";"Moscow_WiFi_Free";"50";"действует";"открытая сеть";"";"55.732661";"37.684209";"879812949";"{type=Point, coordinates=[37.684209, 55.732661]}";
"182";"Государственное бюджетное учреждение культуры города Москвы «Территориальная клубная система «Кунцево»";"Западный административный округ";"Можайский район";"город Москва, Сколковское шоссе, дом 32, корпус 2";"3";"Moscow_WiFi_Free";"50";"действует";"открытая сеть";"";"55.707035";"37.400854";"879812950";"{type=Point, coordinates=[37.400854, 55.707035]}";
"183";"Государственное бюджетное учреждение культуры города Москвы «Клуб «Молодежный»";"Северо-Восточный административный округ";"район Свиблово";"город Москва, Снежная улица, дом 13, корпус 1";"6";"Moscow_WiFi_Free";"50";"действует";"открытая сеть";"";"55.852162";"37.645510";"879812951";"{type=Point, coordinates=[37.64551, 55.852162]}";
"184";"Государственное бюджетное учреждение культуры города Москвы «Дом культуры «Нагатино»";"Южный административный округ";"район Нагатинский Затон";"город Москва, Судостроительная улица, дом 28, корпус 1";"2";"Moscow_WiFi_Free";"50";"действует";"открытая сеть";"";"55.682305";"37.685287";"879897853";"{type=Point, coordinates=[37.685287, 55.682305]}";
"185";"Государственное бюджетное учреждение культуры города Москвы «Дом культуры «Новокосино»";"Восточный административный округ";"район Новокосино";"город Москва, Суздальская улица, дом 38, корпус 2";"2";"Moscow_WiFi_Free";"50";"действует";"открытая сеть";"";"55.745498";"37.872730";"894817426";"{type=Point, coordinates=[37.87273, 55.745498]}";
"186";"Государственное бюджетное учреждение культуры города Москвы «Центр культуры и спорта»";"Южный административный округ";"район Чертаново Северное";"город Москва, Сумской проезд, дом 6А";"8";"Moscow_WiFi_Free";"50";"действует";"открытая сеть";"";"55.635924";"37.609613";"879812955";"{type=Point, coordinates=[37.609613, 55.635924]}";
"187";"Государственное бюджетное учреждение культуры города Москвы «Территориальная клубная система «Бригантина»";"Западный административный округ";"район Филёвский Парк";"город Москва, Филёвский бульвар, дом 11А";"2";"Moscow_WiFi_Free";"50";"действует";"открытая сеть";"";"55.765741";"37.484765";"879897854";"{type=Point, coordinates=[37.484765, 55.765741]}";
"188";"Государственное бюджетное учреждение культуры города Москвы «Центр культуры и досуга «Академический»";"Юго-Западный административный округ";"Академический район";"город Москва, Большая Черёмушкинская улица, дом 6, корпус 2";"4";"Moscow_WiFi_Free";"50";"действует";"открытая сеть";"";"55.688071";"37.592950";"879897855";"{type=Point, coordinates=[37.59295, 55.688071]}";
"189";"Государственное бюджетное учреждение культуры города Москвы «Центр культуры и досуга «Академический»";"Юго-Западный административный округ";"Академический район";"город Москва, улица Шверника, дом 13, корпус 2";"2";"Moscow_WiFi_Free";"50";"действует";"открытая сеть";"";"55.692521";"37.589087";"879812958";"{type=Point, coordinates=[37.589087, 55.692521]}";
"190";"Государственное бюджетное учреждение культуры города Москвы «Дом культуры «Темп»";"Северо-Восточный административный округ";"район Бибирево";"город Москва, Шенкурский проезд, дом 3";"6";"Moscow_WiFi_Free";"50";"действует";"открытая сеть";"";"55.891663";"37.589994";"879897865";"{type=Point, coordinates=[37.589994, 55.891663]}";
"191";"Государственное бюджетное учреждение культуры города Москвы «Территориальная клубная система «НовоПеределкино»";"Западный административный округ";"район Ново-Переделкино";"город Москва, улица Шолохова, дом 12";"2";"Moscow_WiFi_Free";"50";"действует";"открытая сеть";"";"55.639527";"37.352003";"879812961";"{type=Point, coordinates=[37.352003, 55.639527]}";
"192";"Государственное бюджетное учреждение культуры города Москвы «Дом культуры «Нагорный»";"Южный административный округ";"Нагорный район";"город Москва, Электролитный проезд, дом 3, корпус 1";"6";"Moscow_WiFi_Free";"50";"действует";"открытая сеть";"";"55.673631";"37.620959";"1015100381";"{type=Point, coordinates=[37.620959, 55.673631]}";
"193";"Государственное бюджетное учреждение культуры города Москвы «Клуб культуры и эстетики «Родничок»";"Северный административный округ";"Савёловский район";"город Москва, улица Юннатов, дом 17, корпус 2";"4";"Moscow_WiFi_Free";"50";"действует";"открытая сеть";"";"55.803024";"37.557655";"1015100382";"{type=Point, coordinates=[37.557655, 55.803024]}";
"194";"Государственное бюджетное учреждение культуры города Москвы «Дворец культуры и спорта «Яковлевское»";"Троицкий административный округ";"поселение Новофедоровское";"город Москва, поселение Новофедоровское, деревня Яковлевское, дом 1";"10";"Moscow_WiFi_Free";"50";"действует";"открытая сеть";"";"55.466223";"36.940638";"1015100383";"{type=Point, coordinates=[36.940638, 55.466223]}";
"195";"Государственное бюджетное учреждение культуры города Москвы «Дом культуры «Гайдаровец»";"Центральный административный округ";"Басманный район";"город Москва, Яковоапостольский переулок, дом 15";"2";"Moscow_WiFi_Free";"50";"действует";"открытая сеть";"";"55.759071";"37.655859";"1015100384";"{type=Point, coordinates=[37.655859, 55.759071]}";
"196";"Государственное бюджетное учреждение культуры города Москвы «Центр культуры и искусства «Меридиан»";"Юго-Западный административный округ";"Обручевский район";"город Москва, улица Обручева, дом 4, корпус 1";"1";"Moscow_WiFi_Free";"50";"действует";"открытая сеть";"";"55.660496";"37.508840";"1015100385";"{type=Point, coordinates=[37.50884, 55.660496]}";
"197";"Государственное бюджетное учреждение дополнительного образования города Москвы «Детская музыкальная школа имени Николая Александровича Алексеева»";"Центральный административный округ";"Таганский район";"город Москва, Николоямская улица, дом 42";"5";"Moscow_WiFi_Free";"50";"действует";"открытая сеть";"";"55.747083";"37.659991";"1015100386";"{type=Point, coordinates=[37.659991, 55.747083]}";
"198";"Государственное бюджетное учреждение культуры города Москвы «Государственный музей культурный центр «Интеграция» имени Николая Алексеевича Островского»";"Центральный административный округ";"Тверской район";"город Москва, Тверская улица, дом 12, строение 2";"3";"Moscow_WiFi_Free";"50";"действует";"открытая сеть";"";"55.763749";"37.607415";"1015100387";"{type=Point, coordinates=[37.607415, 55.763749]}";
"199";"Государственное бюджетное учреждение культуры города Москвы «Московский продюсерский центр»";"Северо-Западный административный округ";"район Щукино";"город Москва, улица Маршала Малиновского, дом 7";"30";"Moscow_WiFi_Free";"50";"действует";"открытая сеть";"";"55.790970";"37.492320";"1015100388";"{type=Point, coordinates=[37.49232, 55.79097]}";
"200";"Государственное бюджетное учреждение культуры города Москвы «Дом культуры «Гайдаровец»";"Центральный административный округ";"Тверской район";"город Москва, Новослободская улица, дом 73, строение 1";"1";"Moscow_WiFi_Free";"50";"действует";"открытая сеть";"";"55.790367";"37.589805";"1015100389";"{type=Point, coordinates=[37.589805, 55.790367]}";
"201";"Государственное автономное учреждение культуры города Москвы «Московское агентство организации отдыха и туризма»";"Центральный административный округ";"Басманный район";"город Москва, Малый Харитоньевский переулок, дом 6, строение 1";"5";"Moscow_WiFi_Free";"50";"действует";"открытая сеть";"";"55.766653";"37.644091";"1015211807";"{type=Point, coordinates=[37.644091, 55.766653]}";
"202";"Государственное автономное учреждение культуры города Москвы «Московское агентство организации отдыха и туризма»";"Центральный административный округ";"Басманный район";"город Москва, Малый Харитоньевский переулок, дом 6, строение 3";"10";"Moscow_WiFi_Free";"50";"действует";"открытая сеть";"";"55.766354";"37.643938";"1015211808";"{type=Point, coordinates=[37.643938, 55.766354]}";
"203";"Государственное автономное учреждение культуры города Москвы «Московское агентство организации отдыха и туризма»";"Центральный административный округ";"Басманный район";"город Москва, переулок Огородная Слобода, дом 9, строение 1";"9";"Moscow_WiFi_Free";"50";"действует";"открытая сеть";"";"55.766339";"37.643543";"1015211809";"{type=Point, coordinates=[37.643543, 55.766339]}";
"204";"Государственное автономное учреждение культуры города Москвы «Московское агентство организации отдыха и туризма»";"Центральный административный округ";"район Арбат";"город Москва, 2-й Смоленский переулок, дом 1/4";"7";"Moscow_WiFi_Free";"50";"действует";"открытая сеть";"";"55.747024";"37.581523";"1015211810";"{type=Point, coordinates=[37.581523, 55.747024]}";
